<?xml version="1.0" encoding="UTF-8"?>
<project-private xmlns="http://www.netbeans.org/ns/project-private/1">
    <editor-bookmarks xmlns="http://www.netbeans.org/ns/editor-bookmarks/2" lastBookmarkId="0"/>
    <open-files xmlns="http://www.netbeans.org/ns/projectui-open-files/2">
        <group>
            <file>file:/C:/Dev/PBO/006%20-%20contact%20list/src/LihatView.java</file>
            <file>file:/C:/Dev/PBO/006%20-%20contact%20list/src/LihatModel.java</file>
            <file>file:/C:/Dev/PBO/006%20-%20contact%20list/src/MenuController.java</file>
            <file>file:/C:/Dev/PBO/006%20-%20contact%20list/src/MenuView.java</file>
            <file>file:/C:/Dev/PBO/006%20-%20contact%20list/src/Main.java</file>
            <file>file:/C:/Dev/PBO/006%20-%20contact%20list/src/LihatController.java</file>
        </group>
    </open-files>
</project-private>
